{
  "data": [
    {
      "FirstName": "claudio",
      "LastName": "Vieira",
      "gender": "Masculino",
      "age": 20,
      "profession": "Estudante",
      "id": 1
    },
    {
      "FirstName": "Hugo",
      "LastName": "Correia",
      "gender": "Masculino",
      "age": 24,
      "profession": "Estudante",
      "id": 2
    },
    {
      "FirstName": "Nuno",
      "LastName": "Freitas",
      "gender": "Masculino",
      "age": 20,
      "profession": "Estudante",
      "id": 3
    }
  ]
}